{"cameraMode":{"drawMode":0,"name":"Shaded","section":"Shading Mode"},"sceneLighting":true,"audioPlay":false,"sceneViewState":{"m_AlwaysRefresh":false,"showFog":true,"showSkybox":true,"showFlares":true,"showImageEffects":true,"showParticleSystems":true,"showVisualEffectGraphs":true,"m_FxEnabled":true},"in2DMode":false,"pivot":{"x":105.47425842285156,"y":61.905399322509769,"z":77.60935974121094},"rotation":{"x":-0.028244156390428544,"y":0.9625610113143921,"z":-0.11051079630851746,"w":-0.24598504602909089},"size":0.8660253882408142,"orthographic":false}