{"cameraMode":{"drawMode":0,"name":"Shaded","section":"Shading Mode"},"sceneLighting":true,"audioPlay":false,"sceneViewState":{"m_AlwaysRefresh":false,"showFog":true,"showSkybox":true,"showFlares":true,"showImageEffects":true,"showParticleSystems":true,"showVisualEffectGraphs":true,"m_FxEnabled":true},"in2DMode":false,"pivot":{"x":80.65557098388672,"y":25.048816680908204,"z":48.7706413269043},"rotation":{"x":0.037876058369874957,"y":0.8671092391014099,"z":-0.06673676520586014,"w":0.49222442507743838},"size":1.7716736793518067,"orthographic":false}