{"cameraMode":{"drawMode":0,"name":"Shaded","section":"Shading Mode"},"sceneLighting":true,"audioPlay":false,"sceneViewState":{"m_AlwaysRefresh":false,"showFog":true,"showSkybox":true,"showFlares":true,"showImageEffects":true,"showParticleSystems":true,"showVisualEffectGraphs":true,"m_FxEnabled":true},"in2DMode":false,"pivot":{"x":79.63793182373047,"y":25.298938751220704,"z":49.45568084716797},"rotation":{"x":0.010540549643337727,"y":0.7736867070198059,"z":-0.01310134306550026,"w":0.6336818933486939},"size":0.7139196991920471,"orthographic":false}