{"cameraMode":{"drawMode":0,"name":"Shaded","section":"Shading Mode"},"sceneLighting":true,"audioPlay":false,"sceneViewState":{"m_AlwaysRefresh":false,"showFog":true,"showSkybox":true,"showFlares":true,"showImageEffects":true,"showParticleSystems":true,"showVisualEffectGraphs":true,"m_FxEnabled":true},"in2DMode":false,"pivot":{"x":67.73949432373047,"y":28.913040161132814,"z":54.60969161987305},"rotation":{"x":-0.02426081709563732,"y":-0.3045828640460968,"z":-0.007814076729118824,"w":0.9521841406822205},"size":2.5331568717956545,"orthographic":false}