{"cameraMode":{"drawMode":0,"name":"Shaded","section":"Shading Mode"},"sceneLighting":true,"audioPlay":false,"sceneViewState":{"m_AlwaysRefresh":false,"showFog":true,"showSkybox":true,"showFlares":true,"showImageEffects":true,"showParticleSystems":true,"showVisualEffectGraphs":true,"m_FxEnabled":true},"in2DMode":false,"pivot":{"x":70.96296691894531,"y":22.712806701660158,"z":31.187164306640626},"rotation":{"x":0.007251662202179432,"y":-0.9890390634536743,"z":0.14070455729961396,"w":0.0518091544508934},"size":6.148990154266357,"orthographic":false}