{"cameraMode":{"drawMode":0,"name":"Shaded","section":"Shading Mode"},"sceneLighting":true,"audioPlay":false,"sceneViewState":{"m_AlwaysRefresh":false,"showFog":true,"showSkybox":true,"showFlares":true,"showImageEffects":true,"showParticleSystems":true,"showVisualEffectGraphs":true,"m_FxEnabled":true},"in2DMode":false,"pivot":{"x":72.10804748535156,"y":24.49311065673828,"z":39.67173385620117},"rotation":{"x":0.04559966176748276,"y":0.9444938898086548,"z":-0.14884884655475617,"w":0.28937703371047976},"size":1.1712193489074708,"orthographic":false}