{"cameraMode":{"drawMode":0,"name":"Shaded","section":"Shading Mode"},"sceneLighting":true,"audioPlay":false,"sceneViewState":{"m_AlwaysRefresh":false,"showFog":true,"showSkybox":true,"showFlares":true,"showImageEffects":true,"showParticleSystems":true,"showVisualEffectGraphs":true,"m_FxEnabled":true},"in2DMode":false,"pivot":{"x":70.89720153808594,"y":24.243656158447267,"z":36.79130935668945},"rotation":{"x":0.08392535895109177,"y":0.4008650481700897,"z":-0.03690532222390175,"w":0.9115427136421204},"size":1.3097076416015626,"orthographic":false}