{"cameraMode":{"drawMode":0,"name":"Shaded","section":"Shading Mode"},"sceneLighting":true,"audioPlay":false,"sceneViewState":{"m_AlwaysRefresh":false,"showFog":true,"showSkybox":true,"showFlares":true,"showImageEffects":true,"showParticleSystems":true,"showVisualEffectGraphs":true,"m_FxEnabled":true},"in2DMode":false,"pivot":{"x":80.81306457519531,"y":24.764671325683595,"z":48.590354919433597},"rotation":{"x":0.028163382783532144,"y":0.7948037981987,"z":-0.036992836743593219,"w":0.6050937175750732},"size":2.5331568717956545,"orthographic":false}